statement ok
CREATE TABLE t (val vector(3));

statement ok
INSERT INTO t (val) SELECT ARRAY[random(), random(), random()]::real[] FROM generate_series(1, 100);

statement ok
INSERT INTO t (val) SELECT ('[NaN, Infinity, -Infinity]') FROM generate_series(1, 100);

statement ok
INSERT INTO t (val) SELECT (NULL) FROM generate_series(1, 100);

query I
SELECT COUNT(1) FROM (SELECT 1 FROM t ORDER BY val <-> '[0.5,0.5,0.5]' limit 10) t2;
----
10

statement ok
CREATE INDEX rabitq ON t USING vchordrq (val vector_l2_ops);

query I
SELECT COUNT(1) FROM (SELECT 1 FROM t ORDER BY val <-> '[0.5,0.5,0.5]' limit 10) t2;
----
10

statement ok
REINDEX INDEX rabitq;

query I
SELECT COUNT(1) FROM (SELECT 1 FROM t ORDER BY val <-> '[0.5,0.5,0.5]' limit 10) t2;
----
10

statement ok
----
DROP TABLE t;
