statement ok
CREATE TABLE t (val vector(3));

statement ok
INSERT INTO t (val) SELECT ARRAY[random(), random(), random()]::real[] FROM generate_series(1, 1000);

query I
SELECT COUNT(1) FROM (SELECT 1 FROM t ORDER BY val <-> '[0.5,0.5,0.5]' limit 10) t2;
----
10

query I
SELECT COUNT(1) FROM (SELECT 1 FROM t ORDER BY val <=> '[0.5,0.5,0.5]' limit 10) t2;
----
10

query I
SELECT COUNT(1) FROM (SELECT 1 FROM t ORDER BY val <#> '[0.5,0.5,0.5]' limit 10) t2;
----
10

statement ok
----
DROP TABLE t;
